{
  "Montesilvano": [
    42.509602,
    14.142485,
    5.0
  ],
  "Agrigento": [
    37.3111,
    13.5765,
    230.0
  ],
  "Alessandria": [
    44.9129,
    8.6153,
    95.0
  ],
  "Ancona": [
    43.6158,
    13.5189,
    16.0
  ],
  "Aosta": [
    45.737,
    7.3201,
    583.0
  ],
  "Arezzo": [
    43.4633,
    11.8799,
    296.0
  ],
  "Ascoli Piceno": [
    42.853,
    13.5768,
    154.0
  ],
  "Asti": [
    44.9007,
    8.2064,
    123.0
  ],
  "Avellino": [
    40.914,
    14.7951,
    348.0
  ],
  "Bari": [
    41.1171,
    16.8719,
    5.0
  ],
  "Barletta": [
    41.319,
    16.281,
    15.0
  ],
  "Andria": [
    41.231,
    16.29,
    151.0
  ],
  "Trani": [
    41.275,
    16.416,
    7.0
  ],
  "Belluno": [
    46.141,
    12.217,
    390.0
  ],
  "Benevento": [
    41.1298,
    14.7819,
    135.0
  ],
  "Bergamo": [
    45.6983,
    9.6773,
    249.0
  ],
  "Biella": [
    45.5616,
    8.0588,
    420.0
  ],
  "Bologna": [
    44.4949,
    11.3426,
    54.0
  ],
  "Bolzano": [
    46.4983,
    11.3548,
    262.0
  ],
  "Brendola": [
    45.4681,
    11.45,
    156.0
  ],
  "Brescia": [
    45.5416,
    10.2118,
    149.0
  ],
  "Brindisi": [
    40.632,
    17.9361,
    10.0
  ],
  "Cagliari": [
    39.2238,
    9.1217,
    6.0
  ],
  "Caltanissetta": [
    37.49,
    14.0627,
    568.0
  ],
  "Campobasso": [
    41.56,
    14.66,
    701.0
  ],
  "Caserta": [
    41.0747,
    14.3323,
    68.0
  ],
  "Catania": [
    37.5079,
    15.083,
    7.0
  ],
  "Catanzaro": [
    38.8896,
    16.6052,
    320.0
  ],
  "Chieti": [
    42.351,
    14.1675,
    330.0
  ],
  "Como": [
    45.808,
    9.0852,
    201.0
  ],
  "Cosenza": [
    39.299,
    16.2534,
    238.0
  ],
  "Cremona": [
    45.1333,
    10.0227,
    45.0
  ],
  "Crotone": [
    39.0833,
    17.1167,
    8.0
  ],
  "Cuneo": [
    44.3894,
    7.5486,
    534.0
  ],
  "Enna": [
    37.567,
    14.2794,
    931.0
  ],
  "Fermo": [
    43.1629,
    13.7196,
    319.0
  ],
  "Ferrara": [
    44.8354,
    11.6199,
    9.0
  ],
  "Firenze": [
    43.7696,
    11.2558,
    50.0
  ],
  "Foggia": [
    41.4622,
    15.5446,
    76.0
  ],
  "Forlì": [
    44.2227,
    12.0407,
    34.0
  ],
  "Cesena": [
    44.139,
    12.243,
    44.0
  ],
  "Frosinone": [
    41.6398,
    13.3519,
    291.0
  ],
  "Genova": [
    44.4056,
    8.9463,
    19.0
  ],
  "Gorizia": [
    45.9412,
    13.6214,
    84.0
  ],
  "Grosseto": [
    42.7631,
    11.1122,
    10.0
  ],
  "Imperia": [
    43.8896,
    8.0386,
    10.0
  ],
  "Isernia": [
    41.591,
    14.2326,
    423.0
  ],
  "Ivrea": [
    45.467,
    7.8744,
    267.0
  ],
  "L Aquila": [
    42.3498,
    13.3995,
    714.0
  ],
  "La Spezia": [
    44.1072,
    9.8289,
    10.0
  ],
  "Latina": [
    41.4676,
    12.9037,
    21.0
  ],
  "Lecce": [
    40.3529,
    18.1743,
    49.0
  ],
  "Lecco": [
    45.8566,
    9.3974,
    214.0
  ],
  "Livorno": [
    43.5485,
    10.3106,
    3.0
  ],
  "Lodi": [
    45.3142,
    9.5037,
    87.0
  ],
  "Lucca": [
    43.8376,
    10.4951,
    19.0
  ],
  "Macerata": [
    43.3003,
    13.453,
    315.0
  ],
  "Mantova": [
    45.1564,
    10.7914,
    19.0
  ],
  "Massa-Carrara": [
    44.034,
    10.139,
    65.0
  ],
  "Matera": [
    40.6663,
    16.6043,
    401.0
  ],
  "Messina": [
    38.1938,
    15.554,
    3.0
  ],
  "Milano": [
    45.4642,
    9.19,
    120.0
  ],
  "Modena": [
    44.6471,
    10.9252,
    34.0
  ],
  "Monza e Brianza": [
    45.5845,
    9.2744,
    162.0
  ],
  "Napoli": [
    40.8518,
    14.2681,
    17.0
  ],
  "Novara": [
    45.445,
    8.6222,
    162.0
  ],
  "Nuoro": [
    40.3212,
    9.3298,
    554.0
  ],
  "Oristano": [
    39.9043,
    8.5923,
    10.0
  ],
  "Padova": [
    45.408,
    11.884,
    11.0
  ],
  "Palermo": [
    38.1157,
    13.3615,
    14.0
  ],
  "Parma": [
    44.8015,
    10.3279,
    57.0
  ],
  "Pavia": [
    45.1847,
    9.1582,
    77.0
  ],
  "Perugia": [
    43.1122,
    12.3888,
    493.0
  ],
  "Pesaro e Urbino": [
    43.909,
    12.9159,
    11.0
  ],
  "Pescara": [
    42.4643,
    14.2134,
    4.0
  ],
  "Piacenza": [
    45.0526,
    9.6927,
    61.0
  ],
  "Pisa": [
    43.7162,
    10.3966,
    4.0
  ],
  "Pistoia": [
    43.9335,
    10.918,
    67.0
  ],
  "Pordenone": [
    45.9569,
    12.6605,
    24.0
  ],
  "Potenza": [
    40.6401,
    15.805,
    819.0
  ],
  "Prato": [
    43.8777,
    11.1022,
    65.0
  ],
  "Ragusa": [
    36.9256,
    14.7245,
    502.0
  ],
  "Ravenna": [
    44.4184,
    12.2035,
    4.0
  ],
  "Reggio Calabria": [
    38.1105,
    15.6613,
    31.0
  ],
  "Reggio Emilia": [
    44.6983,
    10.6301,
    58.0
  ],
  "Rieti": [
    42.4048,
    12.8608,
    405.0
  ],
  "Rimini": [
    44.0604,
    12.5653,
    5.0
  ],
  "Roma": [
    41.9028,
    12.4964,
    21.0
  ],
  "Rovereto": [
    45.8925,
    11.0422,
    204.0
  ],
  "Rovigo": [
    45.0706,
    11.7905,
    7.0
  ],
  "Salerno": [
    40.6824,
    14.7681,
    4.0
  ],
  "Sassari": [
    40.7259,
    8.5555,
    225.0
  ],
  "Savona": [
    44.309,
    8.4772,
    4.0
  ],
  "Siena": [
    43.3188,
    11.3308,
    322.0
  ],
  "Siracusa": [
    37.0755,
    15.2866,
    17.0
  ],
  "Sondrio": [
    46.169,
    9.871,
    307.0
  ],
  "Sud Sardegna": [
    39.1672,
    8.515,
    70.0
  ],
  "Taranto": [
    40.4736,
    17.2429,
    15.0
  ],
  "Teramo": [
    42.6612,
    13.6988,
    265.0
  ],
  "Terni": [
    42.5636,
    12.6439,
    130.0
  ],
  "Torino": [
    45.0703,
    7.6869,
    239.0
  ],
  "Trapani": [
    38.0176,
    12.536,
    3.0
  ],
  "Trento": [
    46.07,
    11.12,
    194.0
  ],
  "Treviso": [
    45.6669,
    12.2431,
    15.0
  ],
  "Trieste": [
    45.6495,
    13.7768,
    2.0
  ],
  "Udine": [
    46.0626,
    13.2345,
    113.0
  ],
  "Varese": [
    45.8206,
    8.8255,
    382.0
  ],
  "Venezia": [
    45.4408,
    12.3155,
    2.0
  ],
  "Verbano-Cusio-Ossola": [
    45.9211,
    8.5518,
    212.0
  ],
  "Vercelli": [
    45.3239,
    8.4196,
    130.0
  ],
  "Verona": [
    45.433,
    10.983,
    62.0
  ],
  "Vibo Valentia": [
    38.6762,
    16.1,
    476.0
  ],
  "Vicenza": [
    45.5469,
    11.5475,
    39.0
  ],
  "Viterbo": [
    42.4207,
    12.1077,
    326.0
  ],
  "Cortina d Ampezzo": [
    46.5405,
    12.1357,
    1224.0
  ],
  "Madonna di Campiglio": [
    46.2296,
    10.8266,
    1550.0
  ],
  "Livigno": [
    46.5382,
    10.1413,
    1816.0
  ],
  "Courmayeur": [
    45.7918,
    6.965,
    1224.0
  ],
  "Sestriere": [
    44.957,
    6.8797,
    2035.0
  ],
  "Blinnenhorn": [
    46.424794,
    8.308183,
    3374.0
  ],
  "Formazza": [
    46.372819,
    8.426935,
    1380.0
  ],
  "Bivacco Alpe Mottac": [
    46.061138,
    8.404305,
    1690.0
  ],
  "Termoli": [
    42.0036,
    14.9981,
    15.0
  ],
  "Viareggio": [
    43.8662,
    10.2485,
    2.0
  ],
  "Sanremo": [
    43.817,
    7.776,
    15.0
  ],
  "Cefalù": [
    38.038,
    14.0186,
    16.0
  ],
  "Taormina": [
    37.8516,
    15.2852,
    204.0
  ],
  "Gallipoli": [
    40.0555,
    17.9975,
    12.0
  ],
  "Polignano a Mare": [
    40.995,
    17.2185,
    24.0
  ],
  "Tropea": [
    38.6762,
    15.8982,
    61.0
  ],
  "Maratea": [
    39.9886,
    15.7136,
    300.0
  ],
  "Capri": [
    40.5532,
    14.222,
    142.0
  ],
  "Vieste": [
    41.88151,
    16.171112,
    43.0
  ],
  "Lampedusa": [
    35.5022,
    12.6185,
    16.0
  ],
  "Ischia": [
    40.7376,
    13.9481,
    90.0
  ],
  "Elba": [
    42.8142,
    10.316,
    344.0
  ],
  "Pantelleria": [
    36.8335,
    11.9474,
    836.0
  ],
  "La Maddalena": [
    41.2131,
    9.4054,
    19.0
  ],
  "Mar_Tirreno": [
    39.753155,
    12.0,
    0.0
  ],
  "Mar_Adriatico": [
    42.974424,
    15.278642,
    0.0
  ],
  "Mar_Ionio": [
    37.96558,
    17.944965,
    0.0
  ],
  "Campo Imperatore": [
    42.442811,
    13.558681,
    2130.0
  ],
  "Ristoro Mucciante": [
    42.407376,
    13.744723,
    1800.0
  ],